Data Source,World Development Indicators,,,,,,,
Last Updated Date,10/7/25,,,,,,,
Country Name,Country Code,Indicator Name,2019,2020,2021,2022,2023,2024
Aruba,ABW,GDP growth (annual %),-2.232442027,-26.21182021,24.13262736,8.517918105,4.263719415,
Africa Eastern and Southern,AFE,GDP growth (annual %),2.200340433,-2.859783921,4.563568076,3.555768787,1.891307387,2.76680373
Afghanistan,AFG,GDP growth (annual %),3.911603416,-2.351100672,-20.73883937,-6.240171992,2.266943736,
Africa Western and Central,AFW,GDP growth (annual %),3.282162998,-0.984117425,4.030000306,3.974963545,3.357986995,4.176102889
Angola,AGO,GDP growth (annual %),-0.702272958,-5.638214717,1.199210521,3.044726524,1.07809952,4.423904529
Albania,ALB,GDP growth (annual %),2.062577902,-3.313756369,8.969576191,4.826696119,3.936616892,3.961719112
Andorra,AND,GDP growth (annual %),2.015547638,-11.18393994,8.28677879,9.564612256,2.58355481,3.371820326
Arab World,ARB,GDP growth (annual %),1.726916137,-4.757144996,4.40457596,6.995413818,1.504355199,1.548919124
United Arab Emirates,ARE,GDP growth (annual %),1.108348135,-4.957052433,4.354755297,7.509697035,3.618706531,3.761615446
Argentina,ARG,GDP growth (annual %),-2.000861003,-9.900484814,10.44181199,5.269879674,-1.611001621,-1.719105147
Armenia,ARM,GDP growth (annual %),7.599999999,-7.199999999,5.800000001,12.6,8.3,5.9
American Samoa,ASM,GDP growth (annual %),-0.487804878,4.411764706,-0.782472613,1.735015773,,
Antigua and Barbuda,ATG,GDP growth (annual %),3.172221937,-18.86877652,8.172863112,9.107806234,2.427363001,4.32752145
Australia,AUS,GDP growth (annual %),2.171545057,-0.119590736,2.111168148,4.242385553,3.4419922,1.43111252
Austria,AUT,GDP growth (annual %),1.754976196,-6.318255092,4.795328857,5.277894485,-0.954962529,-1.173540536
Azerbaijan,AZE,GDP growth (annual %),2.479808934,-4.198960792,5.616440269,4.714680379,1.354477318,4.071402105
Burundi,BDI,GDP growth (annual %),1.812565324,0.327156893,3.099999999,1.848999439,2.665539604,3.489231748
Belgium,BEL,GDP growth (annual %),2.442890045,-4.792983908,6.207599813,4.259360737,1.201691782,1.018898625
Benin,BEN,GDP growth (annual %),6.865686628,3.8487924,7.155451646,6.252947054,6.352777385,7.453115662
Burkina Faso,BFA,GDP growth (annual %),5.889204971,2.010772624,6.942524926,1.497239741,2.960181474,4.985103006
Bangladesh,BGD,GDP growth (annual %),7.881915151,3.448017551,6.938679124,7.099828776,5.77511237,4.223259113
Bulgaria,BGR,GDP growth (annual %),3.788850365,-3.215737434,7.780614814,4.038777583,1.886814839,2.810827752
Bahrain,BHR,GDP growth (annual %),2.052877744,-5.911362952,4.350040917,6.180161255,3.878116148,3.017248391
"Bahamas, The",BHS,GDP growth (annual %),-0.839051301,-20.08955543,17.58689737,10.87745501,3.048774963,3.378506607
Bosnia and Herzegovina,BIH,GDP growth (annual %),2.887343344,-3.015095148,7.38996234,4.226811011,1.994395203,2.480047084
Belarus,BLR,GDP growth (annual %),1.446455477,-0.672742951,2.438862124,-4.658395916,4.126540072,4.009848525
Belize,BLZ,GDP growth (annual %),4.267636896,-13.90291006,17.74617012,9.652977724,1.149016821,8.151789827
Bermuda,BMU,GDP growth (annual %),0.307106461,-6.827573035,4.607429171,6.476225712,4.917215573,2.105368822
Bolivia,BOL,GDP growth (annual %),2.21670564,-8.737884358,6.111372697,3.605680426,3.08196521,1.38468279
Brazil,BRA,GDP growth (annual %),1.220777824,-3.276758796,4.762604379,3.016694354,3.241655329,3.395866455
Barbados,BRB,GDP growth (annual %),0.652585418,-15.05436295,-0.25496588,17.83286303,4.09382011,3.800000319
Brunei Darussalam,BRN,GDP growth (annual %),3.868844164,1.133573406,-1.590762481,-1.62833154,1.127644192,4.200372735
Bhutan,BTN,GDP growth (annual %),5.755148512,-10.21839742,4.421367389,5.213867838,4.882593963,
Botswana,BWA,GDP growth (annual %),3.031773371,-8.728882411,11.91627241,5.486017064,3.208068122,-2.989868795
Central African Republic,CAF,GDP growth (annual %),3.1,0.899999997,0.982919996,0.453901882,0.69996839,1.539632475
Canada,CAN,GDP growth (annual %),1.908431946,-5.038233435,5.950528028,4.189036281,1.528745508,1.528081109
Central Europe and the Baltics,CEB,GDP growth (annual %),4.026711247,-3.315368105,6.546076817,4.036664142,0.763278132,1.963305524
Switzerland,CHE,GDP growth (annual %),1.14198219,-2.14173712,5.559620206,3.04406103,0.683328174,1.302333325
Channel Islands,CHI,GDP growth (annual %),1.573355962,-8.896779266,9.93680137,5.341961404,3.715005904,
Chile,CHL,GDP growth (annual %),0.634367534,-6.143474792,11.31492049,2.153993562,0.521367977,2.644311549
China,CHN,GDP growth (annual %),6.068502351,2.340188431,8.570085132,3.134188872,5.414843301,4.977356592
Cote d'Ivoire,CIV,GDP growth (annual %),6.721371676,0.699728593,7.063329102,6.399883627,6.450457969,5.95
Cameroon,CMR,GDP growth (annual %),3.475059982,0.259932916,3.338857472,3.736784006,3.248344978,3.670742847
"Congo, Dem. Rep.",COD,GDP growth (annual %),4.384528874,1.735422767,6.200154011,8.924447851,8.609089723,6.67593029
"Congo, Rep.",COG,GDP growth (annual %),1.12447392,-6.26777228,1.01507037,1.475356132,1.906864263,2.579666395
Colombia,COL,GDP growth (annual %),3.186855392,-7.185914138,10.80119819,7.328277294,0.712380032,1.74380145
Comoros,COM,GDP growth (annual %),3.628770244,4.005317935,2.725798451,2.818395066,3.064662369,3.388783506
Cabo Verde,CPV,GDP growth (annual %),6.947826341,-20.8052759,7.033530107,15.84367568,5.391144274,7.271881472
Costa Rica,CRI,GDP growth (annual %),2.417511818,-4.273354322,7.935762247,4.55149178,5.111921832,4.321224296
Caribbean small states,CSS,GDP growth (annual %),0.919134168,-9.113253104,6.47906911,15.01815716,9.007951962,13.34432587
Cuba,CUB,GDP growth (annual %),-0.163087224,-10.9490846,1.253693425,1.775048798,-1.929371232,
Curacao,CUW,GDP growth (annual %),-3.206131719,-18.43847035,4.183711931,7.923,4.202,
Cayman Islands,CYM,GDP growth (annual %),3.915635342,-4.954806408,4.904929413,5.156329542,4.359675957,
Cyprus,CYP,GDP growth (annual %),5.875595834,-3.220630186,11.38818927,7.204867807,2.763909754,3.448061704
Czechia,CZE,GDP growth (annual %),3.565776581,-5.304879555,4.029018321,2.847170658,-0.05526182,1.120384627
Germany,DEU,GDP growth (annual %),0.98789335,-4.095137517,3.669999884,1.369731046,-0.266438401,-0.238526858
Djibouti,DJI,GDP growth (annual %),5.545080812,1.202115173,4.407156676,5.166537029,7.372071487,5.953829989
Dominica,DMA,GDP growth (annual %),3.948097579,-15.70640245,5.37983839,10.39680766,3.652210122,2.052738473
Denmark,DNK,GDP growth (annual %),1.711400939,-1.780106018,7.382066334,1.540173074,2.495184345,3.67619735
Dominican Republic,DOM,GDP growth (annual %),4.894030115,-7.929052342,14.01242891,5.237956529,2.192298482,4.951696872
Algeria,DZA,GDP growth (annual %),0.899999999,-4.999999999,3.799999999,3.600000001,4.1,3.299999999
East Asia & Pacific (excluding high income),EAP,GDP growth (annual %),5.885793589,1.345288965,7.719798659,3.545375004,5.254778219,4.962599562
Early-demographic dividend,EAR,GDP growth (annual %),2.387191247,-4.215304366,7.5064814,5.960194603,4.61090087,3.582461041
East Asia & Pacific,EAS,GDP growth (annual %),4.043729245,-0.054128673,6.339735835,2.990471595,4.193954951,3.894593151
Europe & Central Asia (excluding high income),ECA,GDP growth (annual %),2.306489344,0.295023817,9.044767936,3.105834461,5.075840028,3.751939096
Europe & Central Asia,ECS,GDP growth (annual %),1.85681538,-5.407884962,6.766424481,3.30115667,1.069446516,1.515784511
Ecuador,ECU,GDP growth (annual %),0.165404465,-9.245096192,9.42189269,5.868423549,1.98823814,-2.001254763
"Egypt, Arab Rep.",EGY,GDP growth (annual %),5.552093072,3.550164838,3.290646012,6.587845609,3.760280523,2.399169268
Euro area,EMU,GDP growth (annual %),1.627560572,-6.046391112,6.358447428,3.543154143,0.418696305,0.863297008
Eritrea,ERI,GDP growth (annual %),,,,,,
Spain,ESP,GDP growth (annual %),1.961178508,-10.94007064,6.683144205,6.1793122,2.675663463,3.150195645
Estonia,EST,GDP growth (annual %),3.726649435,-2.883807515,7.154446763,0.060430517,-3.023038745,-0.26100621
Ethiopia,ETH,GDP growth (annual %),8.364085733,6.059530891,5.641530693,5.321759884,6.594245994,7.316691128
European Union,EUU,GDP growth (annual %),1.877158567,-5.573432884,6.357135857,3.492143847,0.455502396,1.025367827
Fragile and conflict affected situations,FCS,GDP growth (annual %),2.313661241,-5.023115941,2.440370296,1.239995316,1.961882638,1.6539895
Finland,FIN,GDP growth (annual %),1.349738457,-2.491036055,2.676346415,0.763041913,-0.946904863,-0.154214821
Fiji,FJI,GDP growth (annual %),-0.581946709,-17.03866737,-4.881036196,19.79272669,7.524291351,3.828998887
France,FRA,GDP growth (annual %),2.027446464,-7.440645899,6.882337834,2.570840476,0.936487519,1.166138515
Faroe Islands,FRO,GDP growth (annual %),4.538510287,-1.63732118,5.504380173,3.556023804,2.489058117,
"Micronesia, Fed. Sts.",FSM,GDP growth (annual %),4.081632653,-1.672954171,3.099704573,-2.905865806,0.482147762,0.719083512
Gabon,GAB,GDP growth (annual %),3.920808795,-1.837761064,1.467957315,3.037614495,2.445880831,3.383907608
United Kingdom,GBR,GDP growth (annual %),1.62447518,-10.29691886,8.575950874,4.839085179,0.397082346,1.100667866
Georgia,GEO,GDP growth (annual %),5.380719266,-6.290471785,10.64423366,10.95853214,7.832201266,9.428572202
Ghana,GHA,GDP growth (annual %),6.507774794,0.513941671,5.076466435,3.80484981,3.140090998,5.684872604
Gibraltar,GIB,GDP growth (annual %),,,,,,
Guinea,GIN,GDP growth (annual %),5.616914469,4.704590961,5.582332811,3.972407842,5.541726686,5.668523935
"Gambia, The",GMB,GDP growth (annual %),6.22205316,0.591487288,5.255968788,5.492998255,4.797508945,5.746717655
Guinea-Bissau,GNB,GDP growth (annual %),5.565745336,2.128114901,5.237366406,5.58513728,4.463699361,4.813485952
Equatorial Guinea,GNQ,GDP growth (annual %),-5.481825379,-4.791080834,0.860269956,3.223508317,-5.089308721,0.907248246
Greece,GRC,GDP growth (annual %),2.277180653,-9.196231497,8.65449786,5.743649025,2.332124449,2.271736226
Grenada,GRD,GDP growth (annual %),0.676511739,-13.75662226,4.687478169,7.320740616,4.679761816,3.693059328
Greenland,GRL,GDP growth (annual %),2.832177568,0.250789762,1.63409411,2.004555809,0.865961987,
Guatemala,GTM,GDP growth (annual %),4.017897934,-1.785551945,8.041703837,4.184518087,3.533156701,3.651864629
Guam,GUM,GDP growth (annual %),2.523602033,-10.51885957,2.058183257,5.099864262,,
Guyana,GUY,GDP growth (annual %),5.352840035,43.47965172,20.05999756,63.33463437,33.79501112,43.37200948
High income,HIC,GDP growth (annual %),1.913669413,-3.874515987,5.843371454,3.00327835,1.821328486,1.926998288
"Hong Kong SAR, China",HKG,GDP growth (annual %),-1.672395165,-6.544783202,6.454424733,-3.683751417,3.214489017,2.541197539
Honduras,HND,GDP growth (annual %),2.559634346,-8.965082233,12.56528438,4.14356194,3.575847605,3.553970033
Heavily indebted poor countries (HIPC),HPC,GDP growth (annual %),4.467945975,0.239495193,4.241882915,4.992135935,3.481205558,5.243779523
Croatia,HRV,GDP growth (annual %),3.100439114,-8.311642579,12.63170033,7.287936432,3.302544881,3.814945217
Haiti,HTI,GDP growth (annual %),-1.723096998,-3.30550547,-1.798239889,-1.681983969,-1.863884203,-4.169633958
Hungary,HUN,GDP growth (annual %),5.077184951,-4.3387254,7.222915808,4.270347552,-0.842528841,0.512305791
IBRD only,IBD,GDP growth (annual %),4.038930981,-1.249100268,7.624248969,3.735622516,4.82049142,4.313820387
IDA & IBRD total,IBT,GDP growth (annual %),4.036007543,-1.219681221,7.384404843,3.782779701,4.685911207,4.306754137
IDA total,IDA,GDP growth (annual %),4.000133396,-0.858539024,4.451726221,4.376904626,3.000776529,4.216711516
IDA blend,IDB,GDP growth (annual %),3.020933527,-1.418325389,5.264579167,4.365410161,2.736966647,3.870820166
Indonesia,IDN,GDP growth (annual %),5.01928768,-2.065511829,3.702885628,5.307197227,5.049023318,5.030344694
IDA only,IDX,GDP growth (annual %),4.967246492,-0.315913886,3.672506495,4.388092702,3.257498651,4.551613004
Isle of Man,IMN,GDP growth (annual %),0.254877847,-8.836816975,3.837836323,-4.165393452,,
India,IND,GDP growth (annual %),3.871436941,-5.777724707,9.689592492,7.609364978,9.19075493,6.48422363
Not classified,INX,GDP growth (annual %),,,,,,
Ireland,IRL,GDP growth (annual %),5.040549962,7.1578988,16.25561352,8.619503456,-5.530007389,1.221334299
"Iran, Islamic Rep.",IRN,GDP growth (annual %),-3.070587985,3.330288459,4.719777732,3.776631402,5.044890195,3.040000309
Iraq,IRQ,GDP growth (annual %),5.513790575,-12.03679309,1.50218071,7.95904805,0.517705525,-1.545251983
Iceland,ISL,GDP growth (annual %),1.861177946,-6.940453068,5.033406131,8.978970852,5.646461819,0.516863122
Israel,ISR,GDP growth (annual %),3.710496328,-2.021615482,9.388374034,6.263263438,1.826520495,0.871968424
Italy,ITA,GDP growth (annual %),0.429162534,-8.868221222,8.931062108,4.821176699,0.715372501,0.72579238
Jamaica,JAM,GDP growth (annual %),0.892291654,-9.920322451,4.6014245,5.221519852,2.604663055,-0.718806912
Jordan,JOR,GDP growth (annual %),1.751240779,-1.102751883,3.65564359,2.647435149,2.884083393,2.488894096
Japan,JPN,GDP growth (annual %),-0.402169201,-4.168764571,2.696574042,0.941998775,1.475034811,0.083698564
Kazakhstan,KAZ,GDP growth (annual %),4.500000001,-2.499999996,4.299999997,3.2,5.1,4.8
Kenya,KEN,GDP growth (annual %),5.114158858,-0.272766327,7.590489473,4.859981043,5.555873013,4.496498285
Kyrgyz Republic,KGZ,GDP growth (annual %),4.600625657,-7.148977577,5.507007627,8.9675052,9.013292834,9.040135561
Cambodia,KHM,GDP growth (annual %),7.936950136,-3.555721934,3.089842842,5.129901108,5.007330438,6.015814574
Kiribati,KIR,GDP growth (annual %),3.264287565,-1.468067181,8.479737871,4.566325931,2.652010875,5.266899264
St. Kitts and Nevis,KNA,GDP growth (annual %),2.938246581,-15.30188917,0.367606879,10.34240405,4.328557716,1.166440229
"Korea, Rep.",KOR,GDP growth (annual %),2.24397786,-0.709415359,4.304734819,2.612672192,1.356733243,
Kuwait,KWT,GDP growth (annual %),2.263816906,-4.817789823,1.672636896,6.758667047,-1.667205897,-2.560111133
Latin America & Caribbean (excluding high income),LAC,GDP growth (annual %),0.600027444,-6.523609091,6.870404453,3.85173953,2.188569461,2.012113862
Lao PDR,LAO,GDP growth (annual %),5.457735092,0.503031829,2.528351005,2.707426526,3.745681402,4.258257247
Lebanon,LBN,GDP growth (annual %),-6.914924729,-21.39989969,-7.001238625,-0.621678971,-0.76058447,
Liberia,LBR,GDP growth (annual %),-2.467297635,-2.982491276,4.986712835,4.808105173,4.683756888,4.792914822
Libya,LBY,GDP growth (annual %),-11.19608289,-29.45529673,28.33346246,-8.251630041,10.15581818,-0.605832527
St. Lucia,LCA,GDP growth (annual %),-0.700322396,-24.36147321,11.59878358,20.38844318,2.209882765,3.891750242
Latin America & Caribbean,LCN,GDP growth (annual %),0.682798838,-6.617724975,7.082073772,3.968984133,2.253041576,2.265258831
Least developed countries: UN classification,LDC,GDP growth (annual %),5.101977814,-0.099896524,2.821341743,4.773151155,3.052220268,3.863854857
Low income,LIC,GDP growth (annual %),3.455661893,-1.044167005,1.267428941,3.636677631,-0.202242108,2.332101941
Liechtenstein,LIE,GDP growth (annual %),,,,,,
Sri Lanka,LKA,GDP growth (annual %),-0.220483887,-4.624515037,4.207476495,-7.349193013,-2.32984819,5.00871931
Lower middle income,LMC,GDP growth (annual %),4.070698133,-3.601667273,6.657983486,6.127844151,6.016327848,5.132162544
Low & middle income,LMY,GDP growth (annual %),4.136591408,-1.057443274,7.414215085,3.959051158,4.817737594,4.333464982
Lesotho,LSO,GDP growth (annual %),-1.417993831,-8.155958799,2.26671067,2.387780202,1.826625259,2.762238185
Late-demographic dividend,LTE,GDP growth (annual %),4.745541394,0.30369378,7.586253216,3.302867065,4.353489185,4.453015101
Lithuania,LTU,GDP growth (annual %),4.677351835,0.042815834,6.380016062,2.53752574,0.342262716,2.772631245
Luxembourg,LUX,GDP growth (annual %),2.749319291,-0.510051634,6.929734258,-1.095053512,-0.693632728,1.031616713
Latvia,LVA,GDP growth (annual %),0.675372772,-3.469227508,6.942541731,1.80677198,2.854218001,-0.442491126
"Macao SAR, China",MAC,GDP growth (annual %),-2.56341515,-54.33610627,23.53589132,-19.60934493,75.06185714,8.808159685
St. Martin (French part),MAF,GDP growth (annual %),6.500003637,-12.50000225,4.899999671,,,
Morocco,MAR,GDP growth (annual %),2.890974761,-7.178207442,8.154738898,1.52720358,3.403341301,3.236513735
Monaco,MCO,GDP growth (annual %),7.12088952,-13.23910483,22.23221559,11.04693943,5.043382592,
Moldova,MDA,GDP growth (annual %),3.552314085,-8.27597832,13.92999979,-4.6,1.2,0.103059412
Madagascar,MDG,GDP growth (annual %),4.411232129,-7.137671621,4.650683432,4.156097784,4.203046158,4.2
Maldives,MDV,GDP growth (annual %),6.923059808,-32.90882873,37.50787,13.82608953,4.72639195,5.133962231
"Middle East, North Africa, Afghanistan & Pakistan",MEA,GDP growth (annual %),1.486010942,-3.307831184,5.084887969,6.377450359,2.153758249,1.941874904
Mexico,MEX,GDP growth (annual %),-0.392690505,-8.354034566,6.048483457,3.710988931,3.295390957,1.454062478
Marshall Islands,MHL,GDP growth (annual %),10.45211473,-2.772887324,1.222272522,-1.118067979,-3.934871099,2.770968022
Middle income,MIC,GDP growth (annual %),4.145015186,-1.057606428,7.489763899,3.962784017,4.8756831,4.355499495
North Macedonia,MKD,GDP growth (annual %),3.910419538,-4.68845001,4.51067949,2.758884153,2.072542088,2.756249173
Mali,MLI,GDP growth (annual %),4.999999117,-1.16907501,3.100941244,3.50828279,4.71716104,5.004545937
Malta,MLT,GDP growth (annual %),4.084706028,-3.358342532,13.29978932,4.26931853,6.796313111,5.969281961
Myanmar,MMR,GDP growth (annual %),6.579110068,-9.04834718,-12.01637248,4.037493436,0.958446625,-0.972046414
"Middle East, North Africa, Afghanistan & Pakistan (excluding high income)",MNA,GDP growth (annual %),1.219077449,-2.86087725,4.468192981,4.179182938,2.838367183,1.965873987
Montenegro,MNE,GDP growth (annual %),4.062944992,-15.30689376,13.04346425,6.406680329,6.337697542,3.040315798
Mongolia,MNG,GDP growth (annual %),5.602244221,-4.557751976,1.636769577,5.032709637,7.422112762,4.864001434
Northern Mariana Islands,MNP,GDP growth (annual %),-11.4474929,-29.05982906,4.969879518,16.64275466,,
Mozambique,MOZ,GDP growth (annual %),2.317813948,-1.2195225,2.377435728,4.364450744,5.436859123,1.851775025
Mauritania,MRT,GDP growth (annual %),3.141004893,-0.360657384,0.742715395,6.796005102,6.507187199,5.2
Mauritius,MUS,GDP growth (annual %),2.891284993,-14.54653815,3.403798662,8.693066753,5.007813818,4.693903184
Malawi,MWI,GDP growth (annual %),5.716825192,0.79359643,4.55829212,0.921115069,1.892457988,1.82685
Malaysia,MYS,GDP growth (annual %),4.413187421,-5.456846584,3.315349544,8.861821876,3.555487154,5.114155478
North America,NAC,GDP growth (annual %),2.530365863,-2.387608409,6.046729566,2.640006331,2.784140411,2.700069253
Namibia,NAM,GDP growth (annual %),-0.839152163,-8.101402014,3.603829192,5.398724762,4.442806038,3.711544974
New Caledonia,NCL,GDP growth (annual %),-1.400000002,-2.400000001,-2.099999998,3.499999996,,
Niger,NER,GDP growth (annual %),5.939852571,3.550641094,1.383596362,11.9,1.667634065,8.421597895
Nigeria,NGA,GDP growth (annual %),2.208429277,-1.794253083,3.647186541,3.251681408,2.860214991,3.426439471
Nicaragua,NIC,GDP growth (annual %),-2.896869867,-2.236541763,10.45438948,3.550299456,4.427743848,3.587830229
Netherlands,NLD,GDP growth (annual %),2.300091579,-3.867953338,6.276830671,5.007234552,0.074560835,0.979674922
Norway,NOR,GDP growth (annual %),1.12374695,-1.278171772,3.908686768,3.246228603,0.072120481,2.100453278
Nepal,NPL,GDP growth (annual %),6.657055431,-2.369620629,4.838149614,5.631314557,1.982548436,3.665374307
Nauru,NRU,GDP growth (annual %),8.486736592,1.981819494,7.206594666,2.951518346,0.646410335,1.760251622
New Zealand,NZL,GDP growth (annual %),2.31747144,-0.307246896,4.535405657,3.496386865,1.394251816,-0.126462419
OECD members,OED,GDP growth (annual %),1.858012493,-3.902176972,5.957089674,3.053474768,1.823307159,1.784524088
Oman,OMN,GDP growth (annual %),-1.128638017,-3.379720527,2.582174989,7.985707284,1.187134896,1.67407663
Other small states,OSS,GDP growth (annual %),4.337806104,-5.797193478,7.740056167,4.619974866,2.684422431,2.935138727
Pakistan,PAK,GDP growth (annual %),2.497636929,-1.274087443,6.513885759,4.778106869,-0.039838972,3.234784432
Panama,PAN,GDP growth (annual %),3.103067886,-17.82122997,16.46712492,10.76966587,7.399301556,2.861666635
Peru,PER,GDP growth (annual %),2.240631769,-10.9333065,13.36262409,2.809033553,-0.403242151,3.303940982
Philippines,PHL,GDP growth (annual %),6.118525662,-9.51829474,5.714733132,7.580982128,5.518949679,5.692016128
Palau,PLW,GDP growth (annual %),0.200015069,-5.999433925,-13.79389322,-1.318427167,1.877031984,
Papua New Guinea,PNG,GDP growth (annual %),4.480514569,-3.167432044,-0.511353419,5.707584042,3.810886229,4.095029002
Poland,POL,GDP growth (annual %),4.580458173,-2.035568824,6.927182661,5.255456974,0.249610834,2.923388081
Pre-demographic dividend,PRE,GDP growth (annual %),3.341231436,-2.535408553,3.187320497,4.298579278,2.285368839,3.099732872
Puerto Rico (US),PRI,GDP growth (annual %),1.675463795,-4.180874309,0.38522272,2.957095655,0.498101252,3.226705422
"Korea, Dem. People's Rep.",PRK,GDP growth (annual %),,,,,,
Portugal,PRT,GDP growth (annual %),2.745684796,-8.204632012,5.558757716,6.985841781,2.613128544,1.92844406
Paraguay,PRY,GDP growth (annual %),-0.401855101,-0.819785391,4.016737318,0.176038366,4.999227911,4.249960105
West Bank and Gaza,PSE,GDP growth (annual %),1.362687466,-11.31846611,7.011982276,4.082760273,-4.555804285,-26.55752645
Pacific island small states,PSS,GDP growth (annual %),1.153618841,-10.15092794,-2.688869231,9.374962278,5.054538148,4.001450985
Post-demographic dividend,PST,GDP growth (annual %),1.836391128,-4.07885321,5.679215797,2.735376629,1.860861592,1.792525296
French Polynesia,PYF,GDP growth (annual %),2.700012067,-7.050944221,2.094529907,4.4663797,2.996927078,
Qatar,QAT,GDP growth (annual %),0.688240955,-3.55760399,1.626846719,4.18500971,1.187159916,2.768414336
Romania,ROU,GDP growth (annual %),3.92326385,-3.674384409,5.545709626,3.965307663,2.404271779,0.813687203
Russian Federation,RUS,GDP growth (annual %),2.198075713,-2.653654501,5.866491773,-1.435882139,4.082524813,4.344374755
Rwanda,RWA,GDP growth (annual %),9.447385186,-3.373687464,10.85843202,8.161207209,8.24990302,8.890655296
South Asia,SAS,GDP growth (annual %),4.094543065,-4.987501736,9.246599597,7.101153926,8.505117854,6.224842254
Saudi Arabia,SAU,GDP growth (annual %),1.651563589,-3.80476473,6.519596983,12.00058748,0.542592439,1.807955151
Sudan,SDN,GDP growth (annual %),-2.178251045,-3.629800824,-1.868520483,-0.957816591,-29.43327183,-13.49329206
Senegal,SEN,GDP growth (annual %),4.613628097,1.342073773,6.5440011,3.850431937,4.257430833,6.892007403
Singapore,SGP,GDP growth (annual %),1.308041182,-3.814708855,9.756804463,4.108000219,1.821406941,4.388023625
Solomon Islands,SLB,GDP growth (annual %),1.748566555,-3.381147541,2.564349754,2.402481436,2.656361867,2.539341917
Sierra Leone,SLE,GDP growth (annual %),5.502709374,-1.253349032,5.896852705,5.313554614,5.710021898,4.000000026
El Salvador,SLV,GDP growth (annual %),2.437471591,-7.89310136,11.9047617,2.954615165,3.539156693,2.602020161
San Marino,SMR,GDP growth (annual %),2.065685147,-6.647910818,13.89778951,7.898441458,,
"Somalia, Fed. Rep.",SOM,GDP growth (annual %),2.824313365,-2.752481039,3.458227929,2.727114296,4.216384326,3.972320809
Serbia,SRB,GDP growth (annual %),4.750207939,-0.950023992,7.949056505,2.630986444,3.847471128,3.878012796
Sub-Saharan Africa (excluding high income),SSA,GDP growth (annual %),2.418589163,-2.397348217,4.244484535,3.653276276,2.343970901,3.195649928
South Sudan,SSD,GDP growth (annual %),,,,,,
Sub-Saharan Africa,SSF,GDP growth (annual %),2.696697023,-1.994293579,4.314825749,3.750658318,2.574661538,3.428437595
Small states,SST,GDP growth (annual %),3.195248759,-6.941072494,6.916227256,7.679198061,4.65816169,6.192074353
Sao Tome and Principe,STP,GDP growth (annual %),2.014316721,2.624859495,1.899298913,0.168698492,0.372252775,0.900000599
Suriname,SUR,GDP growth (annual %),1.167589772,-15.97519171,-2.435385836,2.406222356,2.539566754,2.839586028
Slovak Republic,SVK,GDP growth (annual %),2.2758991,-2.585512417,5.699592633,0.437359509,2.168149116,2.061677718
Slovenia,SVN,GDP growth (annual %),3.505253324,-4.085000949,8.389651582,2.699238745,2.112590985,1.591014799
Sweden,SWE,GDP growth (annual %),2.549647872,-2.005337522,5.937508589,1.4592885,-0.114161935,0.973832213
Eswatini,SWZ,GDP growth (annual %),6.083176451,-2.862882137,3.434968912,1.119590668,3.444478312,2.640704616
Sint Maarten (Dutch part),SXM,GDP growth (annual %),10.96500094,-13.31678872,4.577596779,9.800001111,3.8,3.5
Seychelles,SYC,GDP growth (annual %),5.514292074,-11.73986083,0.552281631,12.71046889,2.259253223,3.465680664
Syrian Arab Republic,SYR,GDP growth (annual %),1.220705221,-0.697154504,1.854215901,0.732781302,-1.207264203,
Turks and Caicos Islands,TCA,GDP growth (annual %),4.981705494,-33.81709734,29.62937817,14.08712342,13.73114811,5.636825174
Chad,TCD,GDP growth (annual %),5.388656469,-0.408894363,0.293979163,12.89661643,4.117451792,3.654451105
East Asia & Pacific (IDA & IBRD countries),TEA,GDP growth (annual %),5.885713247,1.345178138,7.719486073,3.545315885,5.254717635,4.962607116
Europe & Central Asia (IDA & IBRD countries),TEC,GDP growth (annual %),2.698036798,-1.461610846,7.480577145,1.947473937,3.841757011,3.673075862
Togo,TGO,GDP growth (annual %),4.922925917,1.992155019,5.990876104,5.759542515,6.407922156,5.300005314
Thailand,THA,GDP growth (annual %),2.114557796,-6.050038469,1.552166084,2.580378747,2.017750953,2.525961758
Tajikistan,TJK,GDP growth (annual %),7.400000163,4.400001116,9.39999955,8.000000338,8.299999217,8.39999981
Turkmenistan,TKM,GDP growth (annual %),6.300000042,5.900000049,6.200000017,6.199999936,6.300157585,2.264117227
Latin America & the Caribbean (IDA & IBRD countries),TLA,GDP growth (annual %),0.678258288,-6.52902364,7.28007816,4.000251756,2.338613193,2.244106075
Timor-Leste,TLS,GDP growth (annual %),23.41201358,31.96191857,5.315538537,-20.54158475,-18.12479096,-2.189121556
"Middle East, North Africa, Afghanistan & Pakistan (IDA & IBRD)",TMN,GDP growth (annual %),1.217942833,-2.793961031,4.449831577,4.179896002,2.892997514,2.161357134
Tonga,TON,GDP growth (annual %),-0.208433391,1.783395899,0.362604273,-2.309864445,2.084155836,
South Asia (IDA & IBRD),TSA,GDP growth (annual %),4.094543065,-4.987501736,9.246599597,7.101153926,8.505117854,6.224842254
Sub-Saharan Africa (IDA & IBRD countries),TSS,GDP growth (annual %),2.696697023,-1.994293579,4.314825749,3.750658318,2.574661538,3.428437595
Trinidad and Tobago,TTO,GDP growth (annual %),0.471813384,-8.90279446,-0.911992867,1.08222234,1.427113398,1.650603346
Tunisia,TUN,GDP growth (annual %),1.587846655,-9.011934124,4.736320748,2.673318218,0.039156567,1.350652535
Turkiye,TUR,GDP growth (annual %),0.818514527,1.85987304,11.43939569,5.533427875,5.111168185,3.184024355
Tuvalu,TUV,GDP growth (annual %),13.82209844,-4.274932069,1.804135911,0.677309361,3.852809195,
Tanzania,TZA,GDP growth (annual %),5.8,1.991964606,4.321384295,4.566005764,5.069523532,5.526313831
Uganda,UGA,GDP growth (annual %),6.438745033,2.951306422,3.536580341,4.588021922,5.336972955,6.136452018
Ukraine,UKR,GDP growth (annual %),3.199503864,-3.75281794,3.445620659,-28.75858422,5.534733547,2.913822215
Upper middle income,UMC,GDP growth (annual %),4.164289727,-0.398382934,7.698365196,3.425056159,4.584982081,4.154262263
Uruguay,URY,GDP growth (annual %),0.928351141,-7.357327065,5.844273126,4.486227031,0.742128785,3.108254781
United States,USA,GDP growth (annual %),2.58382533,-2.163029139,6.055052933,2.51237532,2.887556009,2.796190356
Uzbekistan,UZB,GDP growth (annual %),6.779923997,1.563342773,8.034683126,6.001342322,6.291416351,6.5
St. Vincent and the Grenadines,VCT,GDP growth (annual %),0.668428481,-4.268924344,2.093401245,3.110833003,5.326364721,4.061834901
"Venezuela, RB",VEN,GDP growth (annual %),,,,,,
British Virgin Islands,VGB,GDP growth (annual %),,,,,,
Virgin Islands (U.S.),VIR,GDP growth (annual %),2.908335497,-1.614938178,3.667607079,-1.311232063,,
Viet Nam,VNM,GDP growth (annual %),7.359262701,2.865413209,2.553728526,8.537500468,5.065023915,7.091187466
Vanuatu,VUT,GDP growth (annual %),3.241187655,-4.992491429,-1.552294891,5.186228624,-0.964792282,3.967258306
World,WLD,GDP growth (annual %),2.71004016,-2.849082347,6.419541277,3.359911383,2.943332731,2.863263026
Samoa,WSM,GDP growth (annual %),4.451858917,-3.108444011,-7.078830943,-5.3062909,9.20864924,9.422350442
Kosovo,XKX,GDP growth (annual %),4.75680057,-5.340275478,10.74565608,4.278498958,4.067627014,4.412738288
"Yemen, Rep.",YEM,GDP growth (annual %),,,,,,
South Africa,ZAF,GDP growth (annual %),0.259935577,-6.168917715,4.955032594,1.91147996,0.698485194,0.579853692
Zambia,ZMB,GDP growth (annual %),1.441306026,-2.785055065,6.234922047,5.211223604,5.367942855,4.043148299
Zimbabwe,ZWE,GDP growth (annual %),-6.332449751,-7.816932841,8.468039169,6.139176174,5.336770373,2.029484143